{"cameraMode":{"drawMode":0,"name":"Shaded","section":"Shading Mode"},"sceneLighting":false,"audioPlay":false,"sceneViewState":{"showFog":true,"showMaterialUpdate":false,"showSkybox":false,"showFlares":true,"showImageEffects":true,"showParticleSystems":true},"in2DMode":false,"pivot":{"x":25.17509651184082,"y":-7.573991775512695,"z":-72.03260040283203},"rotation":{"x":-0.2049684375524521,"y":-0.6773020625114441,"z":0.20492033660411836,"w":-0.6764887571334839},"size":15.903068542480469,"orthographic":false}