{"cameraMode":{"drawMode":0,"name":"Shaded","section":"Shading Mode"},"sceneLighting":true,"audioPlay":false,"sceneViewState":{"showFog":true,"showMaterialUpdate":false,"showSkybox":true,"showFlares":true,"showImageEffects":true,"showParticleSystems":true},"in2DMode":false,"pivot":{"x":10.043745040893555,"y":0.11081358045339585,"z":-69.35153198242188},"rotation":{"x":-0.005609177518635988,"y":-0.9918860197067261,"z":0.12709838151931764,"w":-0.029941031709313394},"size":2.5578837394714357,"orthographic":false}